Price,Adj Close,Close,High,Low,Open,Volume,Company Name,Ticker Symbol,Previous Close,Average Volume,Market Cap
Ticker,AAPL,AAPL,AAPL,AAPL,AAPL,AAPL,,,,,
Date,,,,,,,,,,,
2008-01-02 00:00:00+00:00,5.8763427734375,6.958570957183838,7.1521430015563965,6.876786231994629,7.116786003112793,1079178800,Apple Inc.,AAPL,,,105184363757.15967
2008-01-03 00:00:00+00:00,5.879054546356201,6.961785793304443,7.049643039703369,6.881785869598389,6.978929042816162,842066400,Apple Inc.,AAPL,6.958570957183838,,105232958575.55127
2008-01-04 00:00:00+00:00,5.430275917053223,6.430356979370117,6.892857074737549,6.3889288902282715,6.837500095367432,1455832000,Apple Inc.,AAPL,6.961785793304443,,97199987147.96289
2008-01-07 00:00:00+00:00,5.357593059539795,6.34428596496582,6.557143211364746,6.0796427726745605,6.473214149475098,2072193200,Apple Inc.,AAPL,6.430356979370117,,95898954946.99023
2008-01-08 00:00:00+00:00,5.164870262145996,6.1160712242126465,6.5164289474487305,6.099999904632568,6.433570861816406,1523816000,Apple Inc.,AAPL,6.34428596496582,,92449306670.95361
2008-01-09 00:00:00+00:00,5.410675048828125,6.4071431159973145,6.410714149475098,6.010714054107666,6.117856979370117,1813882000,Apple Inc.,AAPL,6.1160712242126465,,96849091042.39209
2008-01-10 00:00:00+00:00,5.369052886962891,6.3578572273254395,6.464285850524902,6.26464319229126,6.3421430587768555,1482975200,Apple Inc.,AAPL,6.4071431159973145,,96104095428.48584
2008-01-11 00:00:00+00:00,5.208300590515137,6.167500019073486,6.351786136627197,6.0714287757873535,6.285714149475098,1232285600,Apple Inc.,AAPL,6.3578572273254395,,93226694025.271
2008-01-14 00:00:00+00:00,5.391973972320557,6.385000228881836,6.4078569412231445,6.256071090698242,6.340000152587891,1100450400,Apple Inc.,AAPL,6.167500019073486,,96514383599.25195
2008-01-15 00:00:00+00:00,5.098217964172363,6.037143230438232,6.400713920593262,5.880713939666748,6.347143173217773,2343278000,Apple Inc.,AAPL,6.385000228881836,,91256246938.01807
2008-01-16 00:00:00+00:00,4.8147172927856445,5.7014288902282715,6.036070823669434,5.596428871154785,5.901071071624756,2213845200,Apple Inc.,AAPL,6.037143230438232,,86181656264.67236
2008-01-17 00:00:00+00:00,4.852415084838867,5.746070861816406,5.90571403503418,5.6578569412231445,5.768214225769043,1757859600,Apple Inc.,AAPL,5.7014288902282715,,86856455358.80469
2008-01-18 00:00:00+00:00,4.866588592529297,5.762856960296631,5.919642925262451,5.700356960296631,5.775356769561768,1724343600,Apple Inc.,AAPL,5.746070861816406,,87110190658.6919
2008-01-22 00:00:00+00:00,4.694075107574463,5.558570861816406,5.713571071624756,5.214285850524902,5.2878570556640625,2434754000,Apple Inc.,AAPL,5.762856960296631,,84022242942.80469
2008-01-23 00:00:00+00:00,4.194326877593994,4.966785907745361,5.0,4.505000114440918,4.86392879486084,3372969600,Apple Inc.,AAPL,5.558570861816406,,75076940199.17725
2008-01-24 00:00:00+00:00,4.089673042297363,4.8428568840026855,5.025000095367432,4.7146430015563965,4.999642848968506,2005866800,Apple Inc.,AAPL,4.966785907745361,,73203653917.60791
2008-01-25 00:00:00+00:00,3.9210805892944336,4.643214225769043,4.96750020980835,4.628929138183594,4.963929176330566,1554739200,Apple Inc.,AAPL,4.8428568840026855,,70185895513.71973
2008-01-28 00:00:00+00:00,3.9210805892944336,4.643214225769043,4.757143020629883,4.51607084274292,4.57714319229126,1474844000,Apple Inc.,AAPL,4.643214225769043,,70185895513.71973
2008-01-29 00:00:00+00:00,3.9672224521636963,4.697856903076172,4.742499828338623,4.60892915725708,4.683928966522217,1099982800,Apple Inc.,AAPL,4.643214225769043,,71011863270.8789
2008-01-30 00:00:00+00:00,3.9865267276763916,4.720714092254639,4.837500095367432,4.642857074737549,4.69178581237793,1243051600,Apple Inc.,AAPL,4.697856903076172,,71357367960.82275
2008-01-31 00:00:00+00:00,4.08243465423584,4.834286212921143,4.880356788635254,4.621428966522217,4.623213768005371,1345674400,Apple Inc.,AAPL,4.720714092254639,,73074101371.51318
2008-02-01 00:00:00+00:00,4.033876419067383,4.776785850524902,4.878213882446289,4.720714092254639,4.865714073181152,1010744000,Apple Inc.,AAPL,4.834286212921143,,72204937419.36426
2008-02-04 00:00:00+00:00,3.970543384552002,4.701786041259766,4.853570938110352,4.693571090698242,4.793213844299316,899234000,Apple Inc.,AAPL,4.776785850524902,,71071255336.07422
2008-02-05 00:00:00+00:00,3.9014742374420166,4.619999885559082,4.785714149475098,4.603570938110352,4.658214092254639,1141042000,Apple Inc.,AAPL,4.701786041259766,,69834992200.37402
2008-02-06 00:00:00+00:00,3.6794991493225098,4.357142925262451,4.711429119110107,4.348928928375244,4.672500133514404,1573272400,Apple Inc.,AAPL,4.619999885559082,,65861699077.68213
2008-02-07 00:00:00+00:00,3.6565780639648438,4.329999923706055,4.4564290046691895,4.18821382522583,4.284643173217773,2083331600,Apple Inc.,AAPL,4.357142925262451,,65451410906.916016
2008-02-08 00:00:00+00:00,3.7844557762145996,4.481429100036621,4.489285945892334,4.3428568840026855,4.360000133514404,1355972800,Apple Inc.,AAPL,4.329999923706055,,67740383982.65332
2008-02-11 00:00:00+00:00,3.904189348220825,4.623213768005371,4.6421427726745605,4.5428571701049805,4.571785926818848,1201432400,Apple Inc.,AAPL,4.481429100036621,,69883572603.21582
2008-02-12 00:00:00+00:00,3.7657582759857178,4.459286212921143,4.6785712242126465,4.414999961853027,4.6678571701049805,1225980000,Apple Inc.,AAPL,4.623213768005371,,67405676539.51318
2008-02-13 00:00:00+00:00,3.902682304382324,4.621428966522217,4.635000228881836,4.486785888671875,4.524285793304443,968534000,Apple Inc.,AAPL,4.459286212921143,1554447720.0,69856593901.75635
2008-02-14 00:00:00+00:00,3.844172477722168,4.552143096923828,4.67142915725708,4.536070823669434,4.621428966522217,954097200,Apple Inc.,AAPL,4.621428966522217,1550278333.3333333,68809282585.1211
2008-02-15 00:00:00+00:00,3.758819103240967,4.451070785522461,4.538570880889893,4.430714130401611,4.509643077850342,901300400,Apple Inc.,AAPL,4.552143096923828,1552252800.0,67281493785.7207
2008-02-19 00:00:00+00:00,3.6849279403686523,4.3635711669921875,4.526785850524902,4.3371429443359375,4.499642848968506,1005046000,Apple Inc.,AAPL,4.451070785522461,1537226600.0,65958867091.140625
2008-02-20 00:00:00+00:00,3.734391212463379,4.42214298248291,4.449999809265137,4.345714092254639,4.364285945892334,967439200,Apple Inc.,AAPL,4.3635711669921875,1500401466.6666667,66844226913.49512
2008-02-21 00:00:00+00:00,3.66562557220459,4.340713977813721,4.516786098480225,4.316429138183594,4.501786231994629,938114800,Apple Inc.,AAPL,4.42214298248291,1480878093.3333333,65613362401.19678
2008-02-22 00:00:00+00:00,3.6028940677642822,4.2664289474487305,4.375357151031494,4.138214111328125,4.37428617477417,1529878000,Apple Inc.,AAPL,4.340713977813721,1471411293.3333333,64490484772.48535
2008-02-25 00:00:00+00:00,3.6113390922546387,4.276429176330566,4.291786193847656,4.166429042816162,4.23535680770874,1256774400,Apple Inc.,AAPL,4.2664289474487305,1463871266.6666667,64641646227.737305
2008-02-26 00:00:00+00:00,3.593543529510498,4.255356788635254,4.324643135070801,4.122857093811035,4.2014288902282715,1504888000,Apple Inc.,AAPL,4.276429176330566,1472958013.3333333,64323120239.25293
2008-02-27 00:00:00+00:00,3.7084522247314453,4.3914289474487305,4.3946428298950195,4.21750020980835,4.222499847412109,1475138000,Apple Inc.,AAPL,4.255356788635254,1485447600.0,66379959716.48535
2008-02-28 00:00:00+00:00,3.918064594268799,4.63964319229126,4.721428871154785,4.491786003112793,4.5428571701049805,1618254400,Apple Inc.,AAPL,4.3914289474487305,1461280146.6666667,70131916487.47607
2008-02-29 00:00:00+00:00,3.7705819606781006,4.465000152587891,4.650356769561768,4.4571428298950195,4.617499828338623,1255480800,Apple Inc.,AAPL,4.63964319229126,1429334666.6666667,67492047306.16797
2008-03-03 00:00:00+00:00,3.6713550090789795,4.347499847412109,4.49928617477417,4.214285850524902,4.444285869598389,1593043200,Apple Inc.,AAPL,4.465000152587891,1423840786.6666667,65715936245.83203
2008-03-04 00:00:00+00:00,3.7585184574127197,4.450714111328125,4.460000038146973,4.300000190734863,4.356785774230957,1785383600,Apple Inc.,AAPL,4.347499847412109,1425875453.3333333,67276102370.09375
2008-03-05 00:00:00+00:00,3.7545976638793945,4.446071147918701,4.46928596496582,4.3660712242126465,4.413570880889893,1221836000,Apple Inc.,AAPL,4.450714111328125,1385444853.3333333,67205920265.86963
2008-03-06 00:00:00+00:00,3.647228479385376,4.318929195404053,4.5535712242126465,4.314642906188965,4.450356960296631,1473698800,Apple Inc.,AAPL,4.446071147918701,1322135826.6666667,65284067997.0083
2008-03-07 00:00:00+00:00,3.6870384216308594,4.3660712242126465,4.3921427726745605,4.251786231994629,4.300356864929199,1230462800,Apple Inc.,AAPL,4.318929195404053,1296289026.6666667,65996657454.95361
2008-03-10 00:00:00+00:00,3.609830856323242,4.2746429443359375,4.409286022186279,4.263214111328125,4.356429100036621,999588800,Apple Inc.,AAPL,4.3660712242126465,1277784013.3333333,64614645902.953125
2008-03-11 00:00:00+00:00,3.8408544063568115,4.548213958740234,4.552856922149658,4.357142925262451,4.432143211364746,1163943200,Apple Inc.,AAPL,4.2746429443359375,1267420653.3333333,68749890519.92578
2008-03-12 00:00:00+00:00,3.8010435104370117,4.501070976257324,4.595714092254639,4.4703569412231445,4.537143230438232,1059629200,Apple Inc.,AAPL,4.548213958740234,1266075533.3333333,68037286646.430664
2008-03-13 00:00:00+00:00,3.8586485385894775,4.569285869598389,4.625,4.392857074737549,4.432143211364746,1262102800,Apple Inc.,AAPL,4.501070976257324,1266710573.3333333,69068409300.63525
2008-03-14 00:00:00+00:00,3.818537473678589,4.521786212921143,4.653571128845215,4.435713768005371,4.638570785522461,1156640800,Apple Inc.,AAPL,4.569285869598389,1260409453.3333333,68350414011.51318
2008-03-17 00:00:00+00:00,3.8221538066864014,4.526071071624756,4.59250020980835,4.376786231994629,4.376786231994629,1072598800,Apple Inc.,AAPL,4.521786212921143,1262471280.0,68415183076.785645
2008-03-18 00:00:00+00:00,4.0058274269104,4.743570804595947,4.75,4.5953569412231445,4.6135711669921875,1205120000,Apple Inc.,AAPL,4.526071071624756,1272667480.0,71702865442.9917
2008-03-19 00:00:00+00:00,3.910825729370117,4.631071090698242,4.7960710525512695,4.631071090698242,4.75428581237793,1010536800,Apple Inc.,AAPL,4.743570804595947,1268317306.6666667,70002342318.05664
2008-03-20 00:00:00+00:00,4.0194010734558105,4.759643077850342,4.760356903076172,4.6135711669921875,4.682857036590576,908787600,Apple Inc.,AAPL,4.631071090698242,1246167813.3333333,71945810703.8501
2008-03-24 00:00:00+00:00,4.208199977874756,4.983213901519775,5.0303568840026855,4.772857189178467,4.786070823669434,1066920400,Apple Inc.,AAPL,4.759643077850342,1212287440.0,75325262460.1128
2008-03-25 00:00:00+00:00,4.251931667327881,5.034999847412109,5.110713958740234,4.9046430587768555,4.998570919036865,1052391200,Apple Inc.,AAPL,4.983213901519775,1202168053.3333333,76108048437.83203
2008-03-26 00:00:00+00:00,4.374985694885254,5.180714130401611,5.204999923706055,5.022857189178467,5.031071186065674,1182084400,Apple Inc.,AAPL,5.034999847412109,1201523120.0,78310636331.36475
2008-03-27 00:00:00+00:00,4.229916572570801,5.0089287757873535,5.189642906188965,4.999642848968506,5.176785945892334,999829600,Apple Inc.,AAPL,5.180714130401611,1193984773.3333333,75713963345.04639
2008-03-28 00:00:00+00:00,4.31315803527832,5.107500076293945,5.166070938110352,5.057143211364746,5.064286231994629,714610400,Apple Inc.,AAPL,5.0089287757873535,1185520653.3333333,77203947365.08398
2008-03-31 00:00:00+00:00,4.327937126159668,5.125,5.2039289474487305,5.090000152587891,5.116786003112793,768065200,Apple Inc.,AAPL,5.107500076293945,1179319586.6666667,77468472704.0
2008-04-01 00:00:00+00:00,4.509799003601074,5.340356826782227,5.34499979019165,5.128929138183594,5.224999904632568,1032567200,Apple Inc.,AAPL,5.125,1183695146.6666667,80723763329.79492
2008-04-02 00:00:00+00:00,4.448272228240967,5.267499923706055,5.400000095367432,5.208929061889648,5.313570976257324,1044968400,Apple Inc.,AAPL,5.340356826782227,1185025893.3333333,79622472986.91602
2008-04-03 00:00:00+00:00,4.5725321769714355,5.414642810821533,5.486785888671875,5.25,5.252142906188965,1051568000,Apple Inc.,AAPL,5.267499923706055,1187830186.6666667,81846655374.05615
2008-04-04 00:00:00+00:00,4.616864204406738,5.4671430587768555,5.525356769561768,5.3839287757873535,5.435357093811035,854417200,Apple Inc.,AAPL,5.414642810821533,1185040266.6666667,82640238598.5791
2008-04-07 00:00:00+00:00,4.701616287231445,5.567500114440918,5.703214168548584,5.539642810821533,5.576070785522461,1158326400,Apple Inc.,AAPL,5.4671430587768555,1172655213.3333333,84157215735.62598
2008-04-08 00:00:00+00:00,4.609629154205322,5.458570957183838,5.587500095367432,5.440000057220459,5.48392915725708,1014294400,Apple Inc.,AAPL,5.567500114440918,1164572546.6666667,82510664429.15967
2008-04-09 00:00:00+00:00,4.567403793334961,5.408570766448975,5.496070861816406,5.373570919036865,5.4753570556640625,873398400,Apple Inc.,AAPL,5.458570957183838,1143522893.3333333,81754871568.4497
2008-04-10 00:00:00+00:00,4.661201477050781,5.5196428298950195,5.550714015960693,5.378571033477783,5.397500038146973,955763200,Apple Inc.,AAPL,5.408570766448975,1126210400.0,83433814615.32715
2008-04-11 00:00:00+00:00,4.437717437744141,5.255000114440918,5.474999904632568,5.228570938110352,5.454286098480225,1210076000,Apple Inc.,AAPL,5.5196428298950195,1112604453.3333333,79433528375.62598
2008-04-14 00:00:00+00:00,4.457020282745361,5.277856826782227,5.330357074737549,5.162143230438232,5.241786003112793,845087600,Apple Inc.,AAPL,5.255000114440918,1098924680.0,79779025857.79492
2008-04-15 00:00:00+00:00,4.475115776062012,5.299285888671875,5.347143173217773,5.204286098480225,5.335713863372803,698037200,Apple Inc.,AAPL,5.277856826782227,1069091146.6666666,80102943261.90625
2008-04-16 00:00:00+00:00,4.635566234588623,5.489285945892334,5.503571033477783,5.37928581237793,5.4185709953308105,795774000,Apple Inc.,AAPL,5.299285888671875,1036104160.0,82974946041.71924
2008-04-17 00:00:00+00:00,4.6593918800354,5.517499923706055,5.5714287757873535,5.476786136627197,5.506071090698242,704267200,Apple Inc.,AAPL,5.489285945892334,1018851866.6666666,83401422874.91602
2008-04-18 00:00:00+00:00,4.856939792633057,5.751429080963135,5.795000076293945,5.656428813934326,5.682857036590576,1026765600,Apple Inc.,AAPL,5.517499923706055,1003954093.3333334,86937449125.38232
2008-04-21 00:00:00+00:00,5.071676254272461,6.005713939666748,6.017857074737549,5.7771430015563965,5.793213844299316,1039152800,Apple Inc.,AAPL,5.751429080963135,997577093.3333334,90781168078.65479
2008-04-22 00:00:00+00:00,4.831604957580566,5.721428871154785,6.0,5.646070957183838,5.978570938110352,1439572400,Apple Inc.,AAPL,6.005713939666748,1012243213.3333334,86483971967.40137
2008-04-23 00:00:00+00:00,4.912733554840088,5.817500114440918,5.887143135070801,5.752857208251953,5.85892915725708,1504190800,Apple Inc.,AAPL,5.721428871154785,1023584800.0,87936165623.62598
2008-04-24 00:00:00+00:00,5.09520149230957,6.033570766448975,6.070713996887207,5.685357093811035,5.90500020980835,1696066400,Apple Inc.,AAPL,5.817500114440918,1044799373.3333334,91202246288.4497
2008-04-25 00:00:00+00:00,5.119027137756348,6.06178617477417,6.110713958740234,5.943571090698242,6.096428871154785,992474000,Apple Inc.,AAPL,6.033570766448975,1035811746.6666666,91628744744.97119
2008-04-28 00:00:00+00:00,5.194730281829834,6.151429176330566,6.205357074737549,6.0403571128845215,6.0625,787214400,Apple Inc.,AAPL,6.06178617477417,1023497533.3333334,92983770387.7373
2008-04-29 00:00:00+00:00,5.279479026794434,6.251786231994629,6.273571014404297,6.080357074737549,6.1110711097717285,923476400,Apple Inc.,AAPL,6.151429176330566,1018526786.6666666,94500747524.78418
2008-04-30 00:00:00+00:00,5.246303081512451,6.212500095367432,6.4285712242126465,6.175714015960693,6.292500019073486,1139524400,Apple Inc.,AAPL,6.251786231994629,1016340266.6666666,93906906158.35498
2008-05-01 00:00:00+00:00,5.428767681121826,6.4285712242126465,6.4285712242126465,6.244999885559082,6.248570919036865,903576800,Apple Inc.,AAPL,6.212500095367432,1012774933.3333334,97172994030.95361
2008-05-02 00:00:00+00:00,5.457121849060059,6.4621429443359375,6.497142791748047,6.376786231994629,6.435357093811035,1006082000,Apple Inc.,AAPL,6.4285712242126465,1016018080.0,97680457422.95312
2008-05-05 00:00:00+00:00,5.57142448425293,6.597499847412109,6.618214130401611,6.466071128845215,6.497142791748047,854557200,Apple Inc.,AAPL,6.4621429443359375,1008939306.6666666,99726485237.83203
2008-05-06 00:00:00+00:00,5.629634857177734,6.666429042816162,6.682857036590576,6.506429195404053,6.59499979019165,918870400,Apple Inc.,AAPL,6.597499847412109,1004488613.3333334,100768405138.84033
2008-05-07 00:00:00+00:00,5.506882190704346,6.521070957183838,6.721428871154785,6.447856903076172,6.6446428298950195,1157133600,Apple Inc.,AAPL,6.666429042816162,1003656920.0,98571201453.15967
2008-05-08 00:00:00+00:00,5.581377983093262,6.609285831451416,6.660714149475098,6.538214206695557,6.56321382522583,899085600,Apple Inc.,AAPL,6.521070957183838,1000298786.6666666,99904639810.09326
2008-05-09 00:00:00+00:00,5.5328192710876465,6.551785945892334,6.580357074737549,6.477499961853027,6.541429042816162,673072400,Apple Inc.,AAPL,6.609285831451416,998914186.6666666,99035483065.71924
2008-05-12 00:00:00+00:00,5.6748738288879395,6.71999979019165,6.745357036590576,6.5303568840026855,6.614643096923828,818563200,Apple Inc.,AAPL,6.551785945892334,1000597453.3333334,101578169818.01904
2008-05-13 00:00:00+00:00,5.729161739349365,6.784286022186279,6.837500095367432,6.709286212921143,6.7360711097717285,823236400,Apple Inc.,AAPL,6.71999979019165,993619760.0,102549907614.80322
2008-05-14 00:00:00+00:00,5.617569923400879,6.6521430015563965,6.865714073181152,6.627500057220459,6.8296427726745605,916823600,Apple Inc.,AAPL,6.784286022186279,989348266.6666666,100552460202.76611
2008-05-15 00:00:00+00:00,5.722222805023193,6.776071071624756,6.7821431159973145,6.57857084274292,6.671785831451416,873208000,Apple Inc.,AAPL,6.6521430015563965,983402933.3333334,102425732068.78564
2008-05-16 00:00:00+00:00,5.658588409423828,6.700714111328125,6.79642915725708,6.6785712242126465,6.789642810821533,765769200,Apple Inc.,AAPL,6.776071071624756,980448000.0,101286651362.09375
2008-05-19 00:00:00+00:00,5.537344932556152,6.557143211364746,6.73892879486084,6.474999904632568,6.709286212921143,945820400,Apple Inc.,AAPL,6.700714111328125,973364466.6666666,99116462416.74707
2008-05-20 00:00:00+00:00,5.606714248657227,6.639286041259766,6.648571014404297,6.432857036590576,6.493570804595947,969850000,Apple Inc.,AAPL,6.557143211364746,971882986.6666666,100358116968.07422
2008-05-21 00:00:00+00:00,5.374180316925049,6.36392879486084,6.712500095367432,6.294642925262451,6.631071090698242,1157657200,Apple Inc.,AAPL,6.639286041259766,981358280.0,96195872026.31738
2008-05-22 00:00:00+00:00,5.339796543121338,6.323214054107666,6.476070880889893,6.142857074737549,6.4021430015563965,1206735600,Apple Inc.,AAPL,6.36392879486084,989724026.6666666,95580436166.28076
2008-05-23 00:00:00+00:00,5.464056968688965,6.4703569412231445,6.499642848968506,6.349999904632568,6.456070899963379,906917200,Apple Inc.,AAPL,6.323214054107666,979618733.3333334,97804618553.4209
2008-05-27 00:00:00+00:00,5.6226959228515625,6.658214092254639,6.658214092254639,6.494286060333252,6.526785850524902,789905200,Apple Inc.,AAPL,6.4703569412231445,977779320.0,100644229592.82275
2008-05-28 00:00:00+00:00,5.6401896476745605,6.678928852081299,6.712500095367432,6.561429023742676,6.693213939666748,743979600,Apple Inc.,AAPL,6.658214092254639,979310733.3333334,100957349750.13037
2008-05-29 00:00:00+00:00,5.630538463592529,6.667500019073486,6.721428871154785,6.625,6.670000076293945,647186400,Apple Inc.,AAPL,6.678928852081299,974357813.3333334,100784593801.271
2008-05-30 00:00:00+00:00,5.692669868469238,6.7410712242126465,6.769286155700684,6.692142963409424,6.694643020629883,610184400,Apple Inc.,AAPL,6.667500019073486,971221720.0,101896681390.95361
2008-06-02 00:00:00+00:00,5.612746238708496,6.646429061889648,6.773213863372803,6.590356826782227,6.735713958740234,679840000,Apple Inc.,AAPL,6.7410712242126465,959657533.3333334,100466089436.11133
2008-06-03 00:00:00+00:00,5.590729236602783,6.620357036590576,6.721428871154785,6.512143135070801,6.6735711097717285,750520400,Apple Inc.,AAPL,6.646429061889648,950036453.3333334,100071989927.77588
2008-06-04 00:00:00+00:00,5.585297107696533,6.61392879486084,6.681786060333252,6.543929100036621,6.572143077850342,726983600,Apple Inc.,AAPL,6.620357036590576,926283493.3333334,99974821914.31738
2008-06-05 00:00:00+00:00,5.7131781578063965,6.76535701751709,6.78000020980835,6.632143020629883,6.65500020980835,755445600,Apple Inc.,AAPL,6.61392879486084,901325320.0,102263780574.50488
2008-06-06 00:00:00+00:00,5.598870754241943,6.630000114440918,6.783928871154785,6.626786231994629,6.714285850524902,966422800,Apple Inc.,AAPL,6.76535701751709,877003866.6666666,100217752759.62598
2008-06-09 00:00:00+00:00,5.477327346801758,6.4860711097717285,6.605000019073486,6.276785850524902,6.599643230438232,1888392800,Apple Inc.,AAPL,6.630000114440918,906867826.6666666,98042150775.32764
2008-06-10 00:00:00+00:00,5.598870754241943,6.630000114440918,6.670713901519775,6.393570899963379,6.446785926818848,1140941200,Apple Inc.,AAPL,6.4860711097717285,918658720.0,100217752759.62598
2008-06-11 00:00:00+00:00,5.453198432922363,6.457499980926514,6.642857074737549,6.413928985595703,6.583570957183838,961550800,Apple Inc.,AAPL,6.630000114440918,919927866.6666666,97610275318.729
2008-06-12 00:00:00+00:00,5.225492000579834,6.187857151031494,6.521429061889648,6.114285945892334,6.481785774230957,1308333600,Apple Inc.,AAPL,6.457499980926514,925554840.0,93534408351.40186
2008-06-13 00:00:00+00:00,5.198648452758789,6.156071186065674,6.21999979019165,5.903929233551025,6.130000114440918,1345957200,Apple Inc.,AAPL,6.187857151031494,940300853.3333334,93053938076.41162
2008-06-16 00:00:00+00:00,5.333462715148926,6.315713882446289,6.353570938110352,6.038214206695557,6.117856979370117,1051730400,Apple Inc.,AAPL,6.156071186065674,941822466.6666666,95467065074.8418
2008-06-17 00:00:00+00:00,5.471899032592773,6.479642868041992,6.499642848968506,6.336071014404297,6.360713958740234,899656800,Apple Inc.,AAPL,6.315713882446289,943325786.6666666,97944982761.86914
2008-06-18 00:00:00+00:00,5.391069412231445,6.3839287757873535,6.507143020629883,6.333929061889648,6.468571186065674,811468000,Apple Inc.,AAPL,6.479642868041992,939745706.6666666,96498187729.04639
2008-06-19 00:00:00+00:00,5.455911159515381,6.460713863372803,6.512143135070801,6.314286231994629,6.376786231994629,791949200,Apple Inc.,AAPL,6.3839287757873535,927572893.3333334,97658855721.5708
2008-06-20 00:00:00+00:00,5.286113739013672,6.259643077850342,6.464285850524902,6.25,6.4053568840026855,888367200,Apple Inc.,AAPL,6.460713863372803,927215613.3333334,94619510031.8501
2008-06-23 00:00:00+00:00,5.222476959228516,6.184286117553711,6.281428813934326,6.127142906188965,6.240714073181152,645780800,Apple Inc.,AAPL,6.259643077850342,926305893.3333334,93480429325.1582
2008-06-24 00:00:00+00:00,5.225191116333008,6.1875,6.277856826782227,6.129642963409424,6.156071186065674,621947200,Apple Inc.,AAPL,6.184286117553711,919752026.6666666,93529009728.0
2008-06-25 00:00:00+00:00,5.350052833557129,6.335357189178467,6.386785984039307,6.210000038146973,6.2360711097717285,644450800,Apple Inc.,AAPL,6.1875,913792506.6666666,95763989361.94385
2008-06-26 00:00:00+00:00,5.07469367980957,6.009285926818848,6.244286060333252,6.000357151031494,6.216785907745361,869610000,Apple Inc.,AAPL,6.335357189178467,912218720.0,90835161520.44824
2008-06-27 00:00:00+00:00,5.129885673522949,6.074643135070801,6.091785907745361,5.862500190734863,5.946785926818848,1042249600,Apple Inc.,AAPL,6.009285926818848,917853440.0,91823087979.66309
2008-06-30 00:00:00+00:00,5.049962520599365,5.980000019073486,6.142857074737549,5.950714111328125,6.078214168548584,684196800,Apple Inc.,AAPL,6.074643135070801,915134360.0,90392481609.271
2008-07-01 00:00:00+00:00,5.268319129943848,6.2385711669921875,6.239999771118164,5.857142925262451,5.865356922149658,1111280800,Apple Inc.,AAPL,5.980000019073486,920649706.6666666,94300991251.14062
2008-07-02 00:00:00+00:00,5.072281360626221,6.006429195404053,6.337500095367432,6.006429195404053,6.257143020629883,837519200,Apple Inc.,AAPL,6.2385711669921875,916238680.0,90791979741.0083
2008-07-03 00:00:00+00:00,5.130789279937744,6.075714111328125,6.148929119110107,5.919642925262451,6.056786060333252,523362000,Apple Inc.,AAPL,6.006429195404053,895095506.6666666,91839276642.09375
2008-07-07 00:00:00+00:00,5.282795429229736,6.255713939666748,6.326070785522461,6.139286041259766,6.184286117553711,820391600,Apple Inc.,AAPL,6.075714111328125,882217373.3333334,94560117966.65479
2008-07-08 00:00:00+00:00,5.415197372436523,6.412499904632568,6.4178571701049805,6.169285774230957,6.264286041259766,888350400,Apple Inc.,AAPL,6.255713939666748,881598480.0,96930063185.64502
2008-07-09 00:00:00+00:00,5.255349636077881,6.223214149475098,6.461071014404297,6.21928596496582,6.435713768005371,895776000,Apple Inc.,AAPL,6.412499904632568,885127506.6666666,94068857652.63574
2008-07-10 00:00:00+00:00,5.3271307945251465,6.30821418762207,6.333570957183838,6.120357036590576,6.247142791748047,840688800,Apple Inc.,AAPL,6.223214149475098,888351146.6666666,95353701191.17773
2008-07-11 00:00:00+00:00,5.204982757568359,6.163570880889893,6.325356960296631,6.107142925262451,6.266786098480225,930011600,Apple Inc.,AAPL,6.30821418762207,897778653.3333334,93167301960.07568
2008-07-14 00:00:00+00:00,5.2441911697387695,6.210000038146973,6.403571128845215,6.181428909301758,6.401429176330566,886054400,Apple Inc.,AAPL,6.163570880889893,906974320.0,93869115794.54199
2008-07-15 00:00:00+00:00,5.11631441116333,6.058570861816406,6.204999923706055,5.942500114440918,6.159999847412109,1040043200,Apple Inc.,AAPL,6.210000038146973,918981093.3333334,91580142718.80469
2008-07-16 00:00:00+00:00,5.2119221687316895,6.171785831451416,6.1760711669921875,6.021429061889648,6.07857084274292,747790400,Apple Inc.,AAPL,6.058570861816406,918890093.3333334,93291477506.09326
2008-07-17 00:00:00+00:00,5.181758880615234,6.13607120513916,6.24928617477417,6.121070861816406,6.2178568840026855,757526000,Apple Inc.,AAPL,6.171785831451416,919908173.3333334,92751622373.68262
2008-07-18 00:00:00+00:00,4.98089599609375,5.898213863372803,6.058928966522217,5.892857074737549,6.018570899963379,868414400,Apple Inc.,AAPL,6.13607120513916,923673800.0,89156218473.5708
2008-07-21 00:00:00+00:00,5.015278339385986,5.938929080963135,5.982142925262451,5.75428581237793,5.960713863372803,1360469600,Apple Inc.,AAPL,5.898213863372803,936808693.3333334,89771661541.38232
2008-07-22 00:00:00+00:00,4.886496067047119,5.786428928375244,5.812857151031494,5.233213901519775,5.3214287757873535,1879592400,Apple Inc.,AAPL,5.938929080963135,936515346.6666666,87466499803.21436
2008-07-23 00:00:00+00:00,5.014374256134033,5.937857151031494,6.013214111328125,5.769999980926514,5.892499923706055,1061768400,Apple Inc.,AAPL,5.786428928375244,933876253.3333334,89755458463.40186
2008-07-24 00:00:00+00:00,4.796316146850586,5.679643154144287,5.9021430015563965,5.658928871154785,5.868570804595947,839619200,Apple Inc.,AAPL,5.937857151031494,929811866.6666666,85852347444.93408
2008-07-25 00:00:00+00:00,4.88951301574707,5.789999961853027,5.8214287757873535,5.666070938110352,5.728570938110352,633637200,Apple Inc.,AAPL,5.679643154144287,907321986.6666666,87520478829.45801
2008-07-28 00:00:00+00:00,4.656678676605225,5.514286041259766,5.802499771118164,5.50071382522583,5.79785680770874,780712800,Apple Inc.,AAPL,5.789999961853027,888480506.6666666,83352842472.07422
2008-07-29 00:00:00+00:00,4.73750638961792,5.610000133514404,5.694643020629883,5.487500190734863,5.550356864929199,684070800,Apple Inc.,AAPL,5.514286041259766,876225186.6666666,84799637504.89697
2008-07-30 00:00:00+00:00,4.821951866149902,5.710000038146973,5.731785774230957,5.574285984039307,5.635000228881836,725183200,Apple Inc.,AAPL,5.610000133514404,870409400.0,86311216018.54199
2008-07-31 00:00:00+00:00,4.793903350830078,5.676785945892334,5.7928571701049805,5.606429100036621,5.626429080963135,637498400,Apple Inc.,AAPL,5.710000038146973,864610413.3333334,85809158457.71924
2008-08-01 00:00:00+00:00,4.72484016418457,5.59499979019165,5.713929176330566,5.5625,5.710713863372803,544639200,Apple Inc.,AAPL,5.676785945892334,856366746.6666666,84572895322.01904
2008-08-04 00:00:00+00:00,4.621392250061035,5.472499847412109,5.639286041259766,5.461071014404297,5.5928568840026855,592527600,Apple Inc.,AAPL,5.59499979019165,846505426.6666666,82721210741.83203
2008-08-05 00:00:00+00:00,4.844874858856201,5.737143039703369,5.742856979370117,5.529285907745361,5.550714015960693,688371600,Apple Inc.,AAPL,5.472499847412109,847925120.0,86721504189.3081
2008-08-06 00:00:00+00:00,4.951942443847656,5.86392879486084,5.978570938110352,5.642857074737549,5.713213920593262,791408800,Apple Inc.,AAPL,5.737143039703369,853573840.0,88637972250.31738
2008-08-07 00:00:00+00:00,4.933244705200195,5.841785907745361,5.933928966522217,5.767857074737549,5.811070919036865,672372400,Apple Inc.,AAPL,5.86392879486084,854504560.0,88303264807.17725
2008-08-08 00:00:00+00:00,5.1135993003845215,6.055356979370117,6.058928966522217,5.848214149475098,5.852142810821533,713997200,Apple Inc.,AAPL,5.841785907745361,849317466.6666666,91531562315.96289
2008-08-11 00:00:00+00:00,5.234540939331055,6.19857120513916,6.3035712242126465,6.059642791748047,6.0739288330078125,891304400,Apple Inc.,AAPL,6.055356979370117,844285960.0,93696359845.68262
2008-08-12 00:00:00+00:00,5.330146789550781,6.31178617477417,6.403213977813721,6.196785926818848,6.197143077850342,836278800,Apple Inc.,AAPL,6.19857120513916,849355360.0,95407694632.97119
2008-08-13 00:00:00+00:00,5.407657146453857,6.403571128845215,6.4285712242126465,6.2821431159973145,6.356429100036621,842346400,Apple Inc.,AAPL,6.31178617477417,840390880.0,96795097600.59863
2008-08-14 00:00:00+00:00,5.408260345458984,6.404285907745361,6.444643020629883,6.351428985595703,6.368928909301758,711300800,Apple Inc.,AAPL,6.403571128845215,836183600.0,96805902055.17725
2008-08-15 00:00:00+00:00,5.300288677215576,6.276429176330566,6.419642925262451,6.251786231994629,6.394286155700684,708251600,Apple Inc.,AAPL,6.404285907745361,842346586.6666666,94873245331.7373
2008-08-18 00:00:00+00:00,5.289733409881592,6.2639288902282715,6.3503570556640625,6.207857131958008,6.270357131958008,552014400,Apple Inc.,AAPL,6.276429176330566,833400680.0,94684293512.67236
2008-08-19 00:00:00+00:00,5.233634948730469,6.197500228881836,6.3239288330078125,6.13607120513916,6.2335710525512695,616204400,Apple Inc.,AAPL,6.2639288902282715,824329146.6666666,93680171183.25195
2008-08-20 00:00:00+00:00,5.303304195404053,6.28000020980835,6.319285869598389,6.200356960296631,6.241786003112793,506951200,Apple Inc.,AAPL,6.197500228881836,811368320.0,94927224357.98096
2008-08-21 00:00:00+00:00,5.256556510925293,6.224643230438232,6.26607084274292,6.1389288902282715,6.2310709953308105,539744800,Apple Inc.,AAPL,6.28000020980835,801336853.3333334,94090459354.01807
2008-08-22 00:00:00+00:00,5.3319573402404785,6.313929080963135,6.339285850524902,6.270357131958008,6.279285907745361,439611200,Apple Inc.,AAPL,6.224643230438232,784990173.3333334,95440086373.38232
2008-08-25 00:00:00+00:00,5.204078197479248,6.162499904632568,6.293929100036621,6.130713939666748,6.291070938110352,484425200,Apple Inc.,AAPL,6.313929080963135,771602533.3333334,93151113297.64502
2008-08-26 00:00:00+00:00,5.236954689025879,6.2014288902282715,6.24571418762207,6.164642810821533,6.170000076293945,445550000,Apple Inc.,AAPL,6.162499904632568,751786093.3333334,93739556040.67236
2008-08-27 00:00:00+00:00,5.268017768859863,6.238214015960693,6.2771430015563965,6.1496429443359375,6.189642906188965,477780800,Apple Inc.,AAPL,6.2014288902282715,742785773.3333334,94295592627.73877
2008-08-28 00:00:00+00:00,5.2399702072143555,6.204999923706055,6.294642925262451,6.169642925262451,6.260000228881836,431384800,Apple Inc.,AAPL,6.238214015960693,731914400.0,93793535066.91602
2008-08-29 00:00:00+00:00,5.112995147705078,6.054643154144287,6.1964287757873535,6.037143230438232,6.177143096923828,599289600,Apple Inc.,AAPL,6.204999923706055,722943573.3333334,91520772276.93408
2008-09-02 00:00:00+00:00,5.012261867523193,5.935357093811035,6.1964287757873535,5.892857074737549,6.1571431159973145,780763200,Apple Inc.,AAPL,6.054643154144287,703620026.6666666,89717668099.58887
2008-09-03 00:00:00+00:00,5.03548526763916,5.962856769561768,6.024285793304443,5.857142925262451,5.958570957183838,734834800,Apple Inc.,AAPL,5.935357093811035,665461440.0,90133347685.98193
2008-09-04 00:00:00+00:00,4.862367630004883,5.757856845855713,5.996786117553711,5.743214130401611,5.9235711097717285,743386000,Apple Inc.,AAPL,5.962856769561768,654848693.3333334,87034609931.06592
2008-09-05 00:00:00+00:00,4.831003189086914,5.720714092254639,5.800000190734863,5.630356788635254,5.663928985595703,786884000,Apple Inc.,AAPL,5.757856845855713,653090853.3333334,86473167512.82275
2008-09-08 00:00:00+00:00,4.76284122467041,5.639999866485596,5.8889288902282715,5.409286022186279,5.877500057220459,1045979200,Apple Inc.,AAPL,5.720714092254639,666835586.6666666,85253107455.10303
2008-09-09 00:00:00+00:00,4.574641704559326,5.417142868041992,5.712856769561768,5.349643230438232,5.602142810821533,1245025600,Apple Inc.,AAPL,5.639999866485596,682312680.0,81884445737.86914
2008-09-10 00:00:00+00:00,4.5725321769714355,5.414642810821533,5.5353569984436035,5.314286231994629,5.440000057220459,973142800,Apple Inc.,AAPL,5.417142868041992,691948413.3333334,81846655374.05615
2008-09-11 00:00:00+00:00,4.60390043258667,5.451786041259766,5.463929176330566,5.214285850524902,5.292142868041992,971135200,Apple Inc.,AAPL,5.414642810821533,700146813.3333334,82408105000.07422
2008-09-12 00:00:00+00:00,4.492005825042725,5.319285869598389,5.38964319229126,5.232142925262451,5.38964319229126,793027200,Apple Inc.,AAPL,5.451786041259766,705331106.6666666,80405258964.63525
2008-09-15 00:00:00+00:00,4.233232498168945,5.012856960296631,5.2746429443359375,5.012856960296631,5.072500228881836,920634400,Apple Inc.,AAPL,5.319285869598389,717864280.0,75773340994.6919
2008-09-16 00:00:00+00:00,4.2187581062316895,4.99571418762207,5.089285850524902,4.7196431159973145,4.78071403503418,1199836400,Apple Inc.,AAPL,5.012856960296631,738107906.6666666,75514214279.17773
2008-09-17 00:00:00+00:00,3.8553309440612793,4.565357208251953,4.946785926818848,4.565357208251953,4.946071147918701,1200455200,Apple Inc.,AAPL,4.99571418762207,755177360.0,69009024443.21484
2008-09-18 00:00:00+00:00,4.044131755828857,4.788928985595703,4.836785793304443,4.309999942779541,4.663214206695557,1676253600,Apple Inc.,AAPL,4.565357208251953,784672186.6666666,72388490615.02734
2008-09-19 00:00:00+00:00,4.24982213973999,5.03249979019165,5.150000095367432,4.868214130401611,5.0928568840026855,1430875600,Apple Inc.,AAPL,4.788928985595703,809955626.6666666,76070258074.01904
2008-09-22 00:00:00+00:00,3.952446460723877,4.680356979370117,5.0089287757873535,4.666429042816162,4.997857093811035,856713200,Apple Inc.,AAPL,5.03249979019165,814712826.6666666,70747337931.96289
2008-09-23 00:00:00+00:00,3.825472116470337,4.53000020980835,4.849999904632568,4.523571014404297,4.708929061889648,1280364400,Apple Inc.,AAPL,4.680356979370117,827681493.3333334,68474575141.98096
2008-09-24 00:00:00+00:00,3.8818717002868652,4.596786022186279,4.676785945892334,4.4696431159973145,4.5453572273254395,1047015200,Apple Inc.,AAPL,4.53000020980835,834706040.0,69484096094.80322
2008-09-25 00:00:00+00:00,3.9789867401123047,4.711785793304443,4.813929080963135,4.590000152587891,4.635714054107666,1006045600,Apple Inc.,AAPL,4.596786022186279,840162680.0,71222409583.55127
2008-09-26 00:00:00+00:00,3.867697238922119,4.579999923706055,4.635714054107666,4.392857074737549,4.461071014404297,1126451200,Apple Inc.,AAPL,4.711785793304443,854001026.6666666,69230360794.91602
2008-09-29 00:00:00+00:00,3.174623966217041,3.7592859268188477,4.274285793304443,3.5924999713897705,4.2721428871154785,2622057200,Apple Inc.,AAPL,4.579999923706055,917794546.6666666,56824612528.44824
2008-09-30 00:00:00+00:00,3.4279661178588867,4.059286117553711,4.107142925262451,3.796428918838501,3.8660709857940674,1626682400,Apple Inc.,AAPL,3.7592859268188477,953616813.3333334,61359355277.1582
2008-10-01 00:00:00+00:00,3.291041612625122,3.8971428871154785,4.012856960296631,3.8353569507598877,3.997143030166626,1296484000,Apple Inc.,AAPL,4.059286117553711,976292800.0,58908430707.14014
2008-10-02 00:00:00+00:00,3.018998861312866,3.575000047683716,3.885356903076172,3.5714290142059326,3.8575000762939453,1609364400,Apple Inc.,AAPL,3.8971428871154785,1013039906.6666666,54038984119.17749
2008-10-03 00:00:00+00:00,2.9276154041290283,3.4667859077453613,3.8035709857940674,3.380357027053833,3.7142860889434814,2294398400,Apple Inc.,AAPL,3.575000047683716,1071528360.0,52403240871.177246
2008-10-06 00:00:00+00:00,2.959885358810425,3.505000114440918,3.5278570652008057,3.1264290809631348,3.2842860221862793,2107417200,Apple Inc.,AAPL,3.4667859077453613,1127121893.3333333,52980879159.62598
2008-10-07 00:00:00+00:00,2.6890504360198975,3.184286117553711,3.625,3.176785945892334,3.588571071624756,1878772000,Apple Inc.,AAPL,3.505000114440918,1173600120.0,48133030669.1582
2008-10-08 00:00:00+00:00,2.708051919937134,3.2067859172821045,3.440356969833374,3.059999942779541,3.068213939666748,2207741200,Apple Inc.,AAPL,3.184286117553711,1232339826.6666667,48473133131.812744
2008-10-09 00:00:00+00:00,2.6763834953308105,3.169286012649536,3.421428918838501,3.0928568840026855,3.3339290618896484,1617383600,Apple Inc.,AAPL,3.2067859172821045,1270326586.6666667,47906292090.167725
2008-10-10 00:00:00+00:00,2.919471502304077,3.4571430683135986,3.5714290142059326,3.0357139110565186,3.06071400642395,2219299600,Apple Inc.,AAPL,3.169286012649536,1329923746.6666667,52257481643.2146
2008-10-13 00:00:00+00:00,3.325423240661621,3.937856912612915,3.947499990463257,3.6078569889068604,3.733928918838501,1539076000,Apple Inc.,AAPL,3.4571430683135986,1361249960.0,59523855755.514404
2008-10-14 00:00:00+00:00,3.13903546333313,3.7171430587768555,4.1571431159973145,3.6835711002349854,4.1521430015563965,1980994400,Apple Inc.,AAPL,3.937856912612915,1401257666.6666667,56187589382.5791
2008-10-15 00:00:00+00:00,2.954155921936035,3.49821400642395,3.8214290142059326,3.4960711002349854,3.708570957183838,1584175600,Apple Inc.,AAPL,3.7171430587768555,1429569026.6666667,52878301711.10327
2008-10-16 00:00:00+00:00,3.0729851722717285,3.6389288902282715,3.6939289569854736,3.2764289379119873,3.563214063644409,1980521200,Apple Inc.,AAPL,3.49821400642395,1470806866.6666667,55005319688.67236
2008-10-17 00:00:00+00:00,2.9375665187835693,3.4785709381103516,3.6442859172821045,3.067500114440918,3.557142972946167,1762227600,Apple Inc.,AAPL,3.6389288902282715,1503318320.0,52581381027.88867
2008-10-20 00:00:00+00:00,2.968933343887329,3.515713930130005,3.572499990463257,3.3442859649658203,3.563570976257324,1549170000,Apple Inc.,AAPL,3.4785709381103516,1520091346.6666667,53142827050.01929
2008-10-21 00:00:00+00:00,2.7593231201171875,3.2674999237060547,3.496428966522217,3.255713939666748,3.4625000953674316,2193660000,Apple Inc.,AAPL,3.515713930130005,1551712493.3333333,49390873882.916016
2008-10-22 00:00:00+00:00,2.921583652496338,3.4596428871154785,3.6160709857940674,3.3189289569854736,3.4774999618530273,2248808800,Apple Inc.,AAPL,3.2674999237060547,1594234693.3333333,52295268403.14014
2008-10-23 00:00:00+00:00,2.962599992752075,3.508213996887207,3.544642925262451,3.2821431159973145,3.4467859268188477,1675430400,Apple Inc.,AAPL,3.4596428871154785,1617711200.0,53029459562.46777
2008-10-24 00:00:00+00:00,2.9068052768707275,3.442142963409424,3.496428966522217,3.2182140350341797,3.2260708808898926,1590058400,Apple Inc.,AAPL,3.508213996887207,1644278906.6666667,52030743064.22412
2008-10-27 00:00:00+00:00,2.777419328689575,3.288928985595703,3.486785888671875,3.2807140350341797,3.3953568935394287,1208771200,Apple Inc.,AAPL,3.442142963409424,1653883466.6666667,49714791287.02734
2008-10-28 00:00:00+00:00,3.013267993927002,3.568213939666748,3.5892860889434814,3.29892897605896,3.4082140922546387,1634133200,Apple Inc.,AAPL,3.288928985595703,1668360026.6666667,53936406670.654785
2008-10-29 00:00:00+00:00,3.1532106399536133,3.733928918838501,3.9121429920196533,3.5692861080169678,3.6021430492401123,1950978400,Apple Inc.,AAPL,3.568213939666748,1693377466.6666667,56441321078.57886
2008-10-30 00:00:00+00:00,3.348947525024414,3.9657139778137207,4.006785869598389,3.8432140350341797,3.865356922149658,1638089600,Apple Inc.,AAPL,3.733928918838501,1692105333.3333333,59944937569.19678
2008-10-31 00:00:00+00:00,3.2448956966400146,3.8424999713897705,3.9564290046691895,3.755000114440918,3.835714101791382,1659756000,Apple Inc.,AAPL,3.9657139778137207,1699734680.0,58082459346.093506
2008-11-03 00:00:00+00:00,3.225895404815674,3.819999933242798,3.8964290618896484,3.744999885559082,3.7832140922546387,1057938000,Apple Inc.,AAPL,3.8424999713897705,1706442173.3333333,57742353279.55151
2008-11-04 00:00:00+00:00,3.3474395275115967,3.9639289379119873,3.992500066757202,3.809643030166626,3.9282140731811523,1398681200,Apple Inc.,AAPL,3.819999933242798,1710386066.6666667,59917955263.84985
2008-11-05 00:00:00+00:00,3.1155107021331787,3.68928599357605,3.9185709953308105,3.6782140731811523,3.8896429538726807,1256455200,Apple Inc.,AAPL,3.9639289379119873,1717367400.0,55766507568.89673
2008-11-06 00:00:00+00:00,2.9888391494750977,3.539285898208618,3.6707139015197754,3.5,3.608928918838501,1319074400,Apple Inc.,AAPL,3.68928599357605,1727801693.3333333,53499136194.54175
2008-11-07 00:00:00+00:00,2.9629018306732178,3.508570909500122,3.566071033477783,3.4185709953308105,3.544286012649536,1095253600,Apple Inc.,AAPL,3.539285898208618,1726761773.3333333,53034854581.98218
2008-11-10 00:00:00+00:00,2.8917243480682373,3.424285888671875,3.585714101791382,3.375,3.577500104904175,1123822000,Apple Inc.,AAPL,3.508570909500122,1676820600.0,51760819101.90625
2008-11-11 00:00:00+00:00,2.858247995376587,3.384643077850342,3.4703569412231445,3.2950000762939453,3.386070966720581,1224538000,Apple Inc.,AAPL,3.424285888671875,1663415786.6666667,51161586319.8501
2008-11-12 00:00:00+00:00,2.718003273010254,3.2185709476470947,3.3299999237060547,3.2146430015563965,3.3010709285736084,1178976400,Apple Inc.,AAPL,3.384643077850342,1659498866.6666667,48651273288.52417
2008-11-13 00:00:00+00:00,2.908613920211792,3.4442861080169678,3.4442861080169678,3.072143077850342,3.2096428871154785,1854087200,Apple Inc.,AAPL,3.2185709476470947,1667656293.3333333,52063138408.522705
2008-11-14 00:00:00+00:00,2.721622943878174,3.2228569984436035,3.356786012649536,3.2142860889434814,3.3485710620880127,1405266800,Apple Inc.,AAPL,3.4442861080169678,1638018573.3333333,48716060373.23389
2008-11-17 00:00:00+00:00,2.6582870483398438,3.1478569507598877,3.233928918838501,3.116429090499878,3.1600000858306885,1162526400,Apple Inc.,AAPL,3.2228569984436035,1606522213.3333333,47582374686.0564
2008-11-18 00:00:00+00:00,2.711669921875,3.211071014404297,3.249643087387085,3.1021430492401123,3.2014288902282715,1209695200,Apple Inc.,AAPL,3.1478569507598877,1584219653.3333333,48537905800.97266
2008-11-19 00:00:00+00:00,2.602491617202759,3.0817859172821045,3.270714044570923,3.0789289474487305,3.1942861080169678,1171900800,Apple Inc.,AAPL,3.211071014404297,1549691640.0,46583658187.812744
2008-11-20 00:00:00+00:00,2.427565097808838,2.874643087387085,3.0875000953674316,2.857142925262451,3.044286012649536,1716814400,Apple Inc.,AAPL,3.0817859172821045,1553006000.0,43452528692.485596
2008-11-21 00:00:00+00:00,2.4905998706817627,2.9492859840393066,3.004286050796509,2.8264288902282715,2.9260709285736084,1569271200,Apple Inc.,AAPL,2.874643087387085,1531338386.6666667,44580815756.26123
2008-11-24 00:00:00+00:00,2.8033571243286133,3.319643020629883,3.385356903076172,3.0299999713897705,3.0432140827178955,1442257600,Apple Inc.,AAPL,2.9492859840393066,1528111106.6666667,50179058484.03711
2008-11-25 00:00:00+00:00,2.738513469696045,3.242856979370117,3.382499933242798,3.148571014404297,3.379642963409424,1235292800,Apple Inc.,AAPL,3.319643020629883,1503254386.6666667,49018376075.96289
2008-11-26 00:00:00+00:00,2.8651845455169678,3.392857074737549,3.4017860889434814,3.2089290618896484,3.2114291191101074,899836000,Apple Inc.,AAPL,3.242856979370117,1480443066.6666667,51285747450.31787
2008-11-28 00:00:00+00:00,2.7949113845825195,3.309643030166626,3.3842859268188477,3.2807140350341797,3.382143020629883,297774400,Apple Inc.,AAPL,3.392857074737549,1424351506.6666667,50027900632.67261
2008-12-01 00:00:00+00:00,2.6821138858795166,3.1760709285736084,3.2953569889068604,3.1757140159606934,3.260714054107666,923767600,Apple Inc.,AAPL,3.309643030166626,1396402840.0,48008851519.253174
2008-12-02 00:00:00+00:00,2.7888803482055664,3.302500009536743,3.308928966522217,3.0892860889434814,3.2153570652008057,1148722400,Apple Inc.,AAPL,3.1760709285736084,1383054586.6666667,49919928164.6355
2008-12-03 00:00:00+00:00,2.8923280239105225,3.424999952316284,3.436785936355591,3.171428918838501,3.192857027053833,1338680000,Apple Inc.,AAPL,3.302500009536743,1354555253.3333333,51771612744.82251
2008-12-04 00:00:00+00:00,2.756910800933838,3.2646429538726807,3.4003570079803467,3.1807138919830322,3.372499942779541,1091370000,Apple Inc.,AAPL,3.424999952316284,1315973960.0,49347688499.58862
2008-12-05 00:00:00+00:00,2.83502459526062,3.357142925262451,3.374643087387085,3.1735711097717285,3.226785898208618,1043795200,Apple Inc.,AAPL,3.2646429538726807,1294919453.3333333,50745899525.68213
2008-12-08 00:00:00+00:00,3.007538080215454,3.561429023742676,3.5999999046325684,3.421428918838501,3.4742860794067383,1185142000,Apple Inc.,AAPL,3.357142925262451,1281422240.0,53833847241.569336
2008-12-09 00:00:00+00:00,3.0177929401397705,3.573570966720581,3.700000047683716,3.4717860221862793,3.5014290809631348,1203496000,Apple Inc.,AAPL,3.561429023742676,1281246400.0,54017382417.795166
2008-12-10 00:00:00+00:00,2.9619967937469482,3.507499933242798,3.5532140731811523,3.4464290142059326,3.495357036590576,938047600,Apple Inc.,AAPL,3.573570966720581,1258043546.6666667,53018665919.55151
2008-12-11 00:00:00+00:00,2.8651845455169678,3.392857074737549,3.6157140731811523,3.3867859840393066,3.476785898208618,1040617200,Apple Inc.,AAPL,3.507499933242798,1227698173.3333333,51285747450.31787
2008-12-12 00:00:00+00:00,2.9638073444366455,3.509643077850342,3.5357139110565186,3.304642915725708,3.31428599357605,1041174400,Apple Inc.,AAPL,3.392857074737549,1207801000.0,53051061263.8501
2008-12-15 00:00:00+00:00,2.8576438426971436,3.3839290142059326,3.4360709190368652,3.3214290142059326,3.4282140731811523,891758000,Apple Inc.,AAPL,3.509643077850342,1182201066.6666667,51150792676.93384
2008-12-16 00:00:00+00:00,2.8781533241271973,3.4082140922546387,3.445713996887207,3.3125,3.356429100036621,1093506400,Apple Inc.,AAPL,3.3839290142059326,1183386680.0,51517881048.822754
2008-12-17 00:00:00+00:00,2.6890504360198975,3.184286117553711,3.253571033477783,3.143570899963379,3.251070976257324,1293860400,Apple Inc.,AAPL,3.4082140922546387,1179892653.3333333,48133030669.1582
2008-12-18 00:00:00+00:00,2.6971936225891113,3.1939289569854736,3.243928909301758,3.1585710048675537,3.189642906188965,857416000,Apple Inc.,AAPL,3.184286117553711,1166591346.6666667,48278789897.12085
2008-12-19 00:00:00+00:00,2.7143843173980713,3.2142860889434814,3.247857093811035,3.171428918838501,3.2121429443359375,801920000,Apple Inc.,AAPL,3.1939289569854736,1149352866.6666667,48586504223.25171
2008-12-22 00:00:00+00:00,2.585904836654663,3.062143087387085,3.2153570652008057,3.0246429443359375,3.2149999141693115,844740400,Apple Inc.,AAPL,3.2142860889434814,1141002426.6666667,46286741108.485596
2008-12-23 00:00:00+00:00,2.6052072048187256,3.0850000381469727,3.138214111328125,3.067857027053833,3.1024999618530273,635031600,Apple Inc.,AAPL,3.062143087387085,1124709413.3333333,46632242194.54199
2008-12-24 00:00:00+00:00,2.5647921562194824,3.0371429920196533,3.080357074737549,3.0196430683135986,3.0764288902282715,271334000,Apple Inc.,AAPL,3.0850000381469727,1092935946.6666667,45908844678.130615
2008-12-26 00:00:00+00:00,2.588014841079712,3.064642906188965,3.122143030166626,3.044286012649536,3.0942859649658203,308324800,Apple Inc.,AAPL,3.0371429920196533,1063914226.6666666,46324527868.41113
2008-12-29 00:00:00+00:00,2.612142562866211,3.0932140350341797,3.129286050796509,3.0382139682769775,3.0899999141693115,686000000,Apple Inc.,AAPL,3.064642906188965,1024977986.6666666,46756403325.009766
2008-12-30 00:00:00+00:00,2.602491617202759,3.0817859172821045,3.1446430683135986,3.0257139205932617,3.122143030166626,967601600,Apple Inc.,AAPL,3.0932140350341797,1010389146.6666666,46583658187.812744
